{"propertyValues":[{"key":0,"value":{"r":1.0,"g":1.0,"b":1.0,"a":1.0}},{"key":1,"value":{"r":0.8679245114326477,"g":0.6195855736732483,"b":0.1842292845249176,"a":1.0}},{"key":2,"value":{"r":0.8396226167678833,"g":0.20877668261528016,"b":0.10693307220935822,"a":1.0}}]}